,PC1,PC2,PC3,PC4,PC5
DN_HistogramMode_5,0.19100880166453646,-0.33815356203070285,-0.10314794607890031,0.02016018890346133,-0.0237244876818643
DN_HistogramMode_10,0.19618045890938574,0.0679595206520062,0.15098003133515409,0.5657819644724321,-0.44880038291612784
CO_f1ecac,0.26721814843061154,-0.04799311638095633,0.07133728824875155,0.012201149444184234,0.11036144968044835
CO_FirstMin_ac,0.03390705671324366,0.38755899047346615,-0.3429850144687046,-0.1524572967706664,0.050784595017251195
CO_HistogramAMI_even_2_5,0.21725167207513202,-0.17300379711110686,0.14537497603303462,-0.39501287596271534,-0.2378339394056442
CO_trev_1_num,0.2692447414538531,-0.036850126364405746,0.014525516034054161,-0.09212940043018061,-0.026746541163882774
MD_hrv_classic_pnn40,-0.22134624685188314,0.15489631690891814,0.27978231286078226,-0.023869004139336063,0.10323927927907092
SB_BinaryStats_mean_longstretch1,0.23383642352072823,0.15909080365146164,-0.05175835643360866,0.18933394731457107,0.5127054094126602
SB_TransitionMatrix_3ac_sumdiagcov,0.1228684650855709,-0.25733325599191575,-0.4120715346075576,0.1699613346041933,0.07295418810043337
PD_PeriodicityWang_th0_01,0.10328481463511138,0.3850062827357462,-0.08840888093056734,0.42643594995090683,-0.3280228583951178
CO_Embed2_Dist_tau_d_expfit_meandiff,0.24922683063240217,-0.07327676248721691,0.21437557028132337,0.006498927477610515,0.03813810548736028
IN_AutoMutualInfoStats_40_gaussian_fmmi,0.03390705671324401,0.38755899047346626,-0.34298501446870466,-0.1524572967706666,0.05078459501725134
FC_LocalSimple_mean1_tauresrat,-0.262463211789649,-0.11179556909457312,0.03093736347776571,0.002358040865479837,-0.14882338562992248
DN_OutlierInclude_p_001_mdrmd,0.26015747391622146,0.11519432199632207,0.0031442496375446135,-0.15561843531058966,-0.0679076382722455
DN_OutlierInclude_n_001_mdrmd,-0.10963645309953904,0.16507764314288656,0.4791627408716277,0.10159270719961484,0.3456644868471811
SP_Summaries_welch_rect_area_5_1,0.26787585401099284,0.06944517106251867,0.03499524618716855,-0.011774449802129005,0.05094243197771979
SB_BinaryStats_diff_longstretch0,0.2280774976168007,-0.066751742779924,0.2937695667121679,0.13396238913888397,0.13629248771484354
SB_MotifThree_quantile_hh,-0.2323202844866469,0.24050129887970778,0.043143292365407176,0.12134344096563209,0.1362586558430217
SC_FluctAnal_2_rsrangefit_50_1_logi_prop_r1,0.08399127216637119,0.34997988442029526,0.26761105946296526,-0.3826337278691382,-0.3459593656180149
SC_FluctAnal_2_dfa_50_1_2_logi_prop_r1,0.2555908497571812,0.15590564036489774,-0.03729647843503296,-0.08355832123390909,0.04629043550584885
SP_Summaries_welch_rect_centroid,-0.26405318288229057,-0.1004255285057983,0.011618132656137488,0.01849364439917309,-0.15395868817374525
FC_LocalSimple_mean3_stderr,-0.26765096094201135,-0.029999664244651485,-0.08502339281457881,0.006864899864665655,-0.06309715194789324
